author,reply,timestamp,comments,tweet_url,parent_reply_url,in_reply_to_author,parent_reply_text,match_id,team_handle
@AfcaRijpie,Wat een onzin. Doet het aan de bal super en word steeds beter en beter. Ook dit hoort bij zijn proces om beter te worden,2024-11-11 00:06:00+00:00,0,https://nitter.net/AFCAjax/status/1855747515263410525,https://nitter.net/Mokum19001/status/1855748238705311792#m,@Mokum19001,Baas komt te kort. Verkopen aankomende transferwindow en betere speler halen aub.,M035_AFCAjax,@AFCAjax
@A_Tijseling,Een foutje 😅,2024-11-11 06:28:00+00:00,0,https://nitter.net/AFCAjax/status/1855747515263410525,https://nitter.net/Mokum19001/status/1855748238705311792#m,@Mokum19001,Baas komt te kort. Verkopen aankomende transferwindow en betere speler halen aub.,M035_AFCAjax,@AFCAjax
@TinaLin24263568,,2024-11-11 06:04:00+00:00,0,https://nitter.net/AFCAjax/status/1855747515263410525,https://nitter.net/PirateMaterial_/status/1855761987927523332#m,@PirateMaterial_,Ajax fans are...,M035_AFCAjax,@AFCAjax
@BigHendrik666,Scheids...man man,2024-11-10 16:11:00+00:00,0,https://nitter.net/AFCAjax/status/1855637618291065171,https://nitter.net/Ajaxdamsconews/status/1855638716699603202#m,@Ajaxdamsconews,Als die scheids niet zo partijdig floot hadden we eigenlijk hier moeten winnen nu is er weer interland break dus even rust voor sommige spelers,M035_AFCAjax,@AFCAjax
@aniibraa,HE EVEN STOLE THE JACKET FROM MANCHESTER UNITED @EastbergLarsen @Thenotoriousne2,2024-11-13 18:06:00+00:00,0,https://nitter.net/AFCAjax/status/1855637618291065171,https://nitter.net/aniibraa/status/1856740037796233601#m,@aniibraa,"BECAUSE OF TEN FRAUD, DONT LET THAT MAN NEAR U",M035_AFCAjax,@AFCAjax
@fanaatje349868,Andere wedstrijd gezien? Twente was gewoon10x beter.,2024-11-11 07:35:00+00:00,0,https://nitter.net/AFCAjax/status/1855632512459866366,https://nitter.net/Ajaxdamsconews/status/1855632643758412173#m,@Ajaxdamsconews,Wat een vreselijke scheids elke keer fluiten ze tegen ons,M035_AFCAjax,@AFCAjax
@wilhemuh,😭,2024-11-10 15:28:00+00:00,0,https://nitter.net/AFCAjax/status/1855632512459866366,https://nitter.net/iEricof/status/1855632951603577011#m,@iEricof,van den Boomen echt helemaal niks laten zien..,M035_AFCAjax,@AFCAjax
@danilimbourg,😂😂😂,2024-11-10 15:37:00+00:00,0,https://nitter.net/AFCAjax/status/1855632512459866366,https://nitter.net/iEricof/status/1855632951603577011#m,@iEricof,van den Boomen echt helemaal niks laten zien..,M035_AFCAjax,@AFCAjax
@H_JSchoonhoven,En z'n tenue kan zo de kast weer in.,2024-11-10 15:38:00+00:00,0,https://nitter.net/AFCAjax/status/1855632512459866366,https://nitter.net/iEricof/status/1855632951603577011#m,@iEricof,van den Boomen echt helemaal niks laten zien..,M035_AFCAjax,@AFCAjax
@burgde2e,Die moeten ze wel in winterstop verkopen voor elk bod.,2024-11-10 15:38:00+00:00,0,https://nitter.net/AFCAjax/status/1855632512459866366,https://nitter.net/Ajaxdamsconews/status/1855632869844037817#m,@Ajaxdamsconews,Die berghuis valt ook in als een natte krant,M035_AFCAjax,@AFCAjax
@fanaatje349868,What game did you see?,2024-11-11 07:35:00+00:00,1,https://nitter.net/AFCAjax/status/1855632512459866366,https://nitter.net/AjaxPinoyfan/status/1855635472975831174#m,@AjaxPinoyfan,The referee is very very bad!!! KNVB should not allow this referee in big games. Ajax draw against 12 is 👍🏼,M035_AFCAjax,@AFCAjax
@AjaxPinoyfan,👇,2024-11-11 07:37:00+00:00,1,https://nitter.net/AFCAjax/status/1855632512459866366,https://nitter.net/AjaxPinoyfan/status/1855635472975831174#m,@AjaxPinoyfan,The referee is very very bad!!! KNVB should not allow this referee in big games. Ajax draw against 12 is 👍🏼,M035_AFCAjax,@AFCAjax
@jackkyy_____,Oh je leeft weer?,2024-11-10 15:25:00+00:00,0,https://nitter.net/AFCAjax/status/1855632512459866366,https://nitter.net/3dwinbayern/status/1855632723445985648#m,@3dwinbayern,@jackkyy_____ @Rodneykordelaar kampi🔥🔥💀,M035_AFCAjax,@AFCAjax
@SDoodeman,Taylor eruit vind ik best bijzonder..,2024-11-10 14:59:00+00:00,0,https://nitter.net/AFCAjax/status/1855626377417924721,https://nitter.net/AFCAjax/status/1855626377417924721#m,@AFCAjax,,M035_AFCAjax,@AFCAjax
@LuukWagie70477,"Waar de fuck slaat deze wissel op wissel die slechte henderson,  of akpom hele wedstrijd niks gedaan",2024-11-10 15:01:00+00:00,0,https://nitter.net/AFCAjax/status/1855626377417924721,https://nitter.net/AFCAjax/status/1855626377417924721#m,@AFCAjax,,M035_AFCAjax,@AFCAjax
@dodoai12,Berghuis kneus,2024-11-10 15:02:00+00:00,0,https://nitter.net/AFCAjax/status/1855626377417924721,https://nitter.net/AFCAjax/status/1855626377417924721#m,@AFCAjax,,M035_AFCAjax,@AFCAjax
@TimFranssen5,🤷‍♂️,2024-11-10 15:32:00+00:00,0,https://nitter.net/AFCAjax/status/1855626377417924721,https://nitter.net/AFCAjax/status/1855626377417924721#m,@AFCAjax,,M035_AFCAjax,@AFCAjax
@SDoodeman,Taylor eruit vind ik best bijzonder..,2024-11-10 14:59:00+00:00,0,https://nitter.net/AFCAjax/status/1855626374595104984,https://nitter.net/AFCAjax/status/1855626377417924721#m,@AFCAjax,,M035_AFCAjax,@AFCAjax
@LuukWagie70477,"Waar de fuck slaat deze wissel op wissel die slechte henderson,  of akpom hele wedstrijd niks gedaan",2024-11-10 15:01:00+00:00,0,https://nitter.net/AFCAjax/status/1855626374595104984,https://nitter.net/AFCAjax/status/1855626377417924721#m,@AFCAjax,,M035_AFCAjax,@AFCAjax
@dodoai12,Berghuis kneus,2024-11-10 15:02:00+00:00,0,https://nitter.net/AFCAjax/status/1855626374595104984,https://nitter.net/AFCAjax/status/1855626377417924721#m,@AFCAjax,,M035_AFCAjax,@AFCAjax
@TimFranssen5,🤷‍♂️,2024-11-10 15:32:00+00:00,0,https://nitter.net/AFCAjax/status/1855626374595104984,https://nitter.net/AFCAjax/status/1855626377417924721#m,@AFCAjax,,M035_AFCAjax,@AFCAjax
@Dutchmongrel,Idd echt fucking belachelijk. Die krijgt gewoon een minuut de tijd,2024-11-10 14:54:00+00:00,0,https://nitter.net/AFCAjax/status/1855624874049368177,https://nitter.net/RMoraal/status/1855624961618055332#m,@RMoraal,WAAROM LOOPT ER NIEMAND NAAR SALAH-EDDINE TOE?!?!?!,M035_AFCAjax,@AFCAjax
@JaydenAjacied,Hopelijk valt het mee.,2024-11-10 14:21:00+00:00,0,https://nitter.net/AFCAjax/status/1855615916219793663,https://nitter.net/byAjacied/status/1855616610804932635#m,@byAjacied,Gewoon klote. Maar de grootste domper is de blessure van Mika,M035_AFCAjax,@AFCAjax
@BenitoMilan,Fluit hij dan?,2024-11-10 14:23:00+00:00,0,https://nitter.net/AFCAjax/status/1855615916219793663,https://nitter.net/Ryan_H2000/status/1855616115310752001#m,@Ryan_H2000,Lindhout fluit als een debiel,M035_AFCAjax,@AFCAjax
@DejounTrae115,Lindhout IS een debiel,2024-11-10 14:25:00+00:00,0,https://nitter.net/AFCAjax/status/1855615916219793663,https://nitter.net/Ryan_H2000/status/1855616115310752001#m,@Ryan_H2000,Lindhout fluit als een debiel,M035_AFCAjax,@AFCAjax
@Rayno_020,"Ook, maar je verneukt het zelf gewoon door niks af te maken ja dan loop je met 1 fout achter de feiten aan",2024-11-10 14:26:00+00:00,0,https://nitter.net/AFCAjax/status/1855615916219793663,https://nitter.net/roy_ajax1900/status/1855617771331059879#m,@roy_ajax1900,Lindhout is een smerig mannetje.,M035_AFCAjax,@AFCAjax
@Jaxie1900,Die gaat er af zo,2024-11-10 14:21:00+00:00,0,https://nitter.net/AFCAjax/status/1855615916219793663,https://nitter.net/adventu87690389/status/1855616418017866013#m,@adventu87690389,En gekke Wout doet maar weer eens een ‘gekke Wout’ . Dat ie dat nodig heeft hè?  Ons onwaardig.,M035_AFCAjax,@AFCAjax
@fredemmel,M,2024-11-10 20:45:00+00:00,0,https://nitter.net/AFCAjax/status/1855615019397906719,https://nitter.net/JoueursBE/status/1855619267435053268#m,@JoueursBE,🥲❤️,M035_AFCAjax,@AFCAjax
@sam101871,Wat is dit voor domme opmerking?,2024-11-10 14:19:00+00:00,1,https://nitter.net/AFCAjax/status/1855615019397906719,https://nitter.net/F1Daniel_/status/1855615444008276029#m,@F1Daniel_,Volgens Kroes hoefden we geen extra buitenspelers!,M035_AFCAjax,@AFCAjax
@F1Daniel_,Dat wat iedereen aan zag komen sinds de transfermarkt dicht is is nu gebeurd. Door wanbeleid zit je gewoon 6/7 weken zonder linksbuiten,2024-11-10 14:20:00+00:00,1,https://nitter.net/AFCAjax/status/1855615019397906719,https://nitter.net/F1Daniel_/status/1855615444008276029#m,@F1Daniel_,Volgens Kroes hoefden we geen extra buitenspelers!,M035_AFCAjax,@AFCAjax
@ajax8284,Hij heeft zelf geprobeerd Sulemana te halen dus de opmerking klopt niet,2024-11-10 15:01:00+00:00,1,https://nitter.net/AFCAjax/status/1855615019397906719,https://nitter.net/F1Daniel_/status/1855615444008276029#m,@F1Daniel_,Volgens Kroes hoefden we geen extra buitenspelers!,M035_AFCAjax,@AFCAjax
@F1Daniel_,"Die had pas 3 weken geleden inzetbaar geweest, hadden we precies niks aan",2024-11-10 15:02:00+00:00,1,https://nitter.net/AFCAjax/status/1855615019397906719,https://nitter.net/F1Daniel_/status/1855615444008276029#m,@F1Daniel_,Volgens Kroes hoefden we geen extra buitenspelers!,M035_AFCAjax,@AFCAjax
@WinsAndTies,"Nja, 2 dan, Traore en Sulemana zouden genoeg zijn volgens hem",2024-11-11 12:54:00+00:00,0,https://nitter.net/AFCAjax/status/1855615019397906719,https://nitter.net/F1Daniel_/status/1855615444008276029#m,@F1Daniel_,Volgens Kroes hoefden we geen extra buitenspelers!,M035_AFCAjax,@AFCAjax
@HolyFarioli,Tyfus Boerenvolk,2024-11-10 14:16:00+00:00,0,https://nitter.net/AFCAjax/status/1855615019397906719,https://nitter.net/GeurtenDennis/status/1855615264018088044#m,@GeurtenDennis,"Heb die klote tukkers horen juichen, net zo'n kut publiek als in Eindhoven",M035_AFCAjax,@AFCAjax
@JMFCT_05,Iets te maken met het vallen wat hij de hele wedstrijd deed vind het nog steeds niet goed maar kan niet zeggen dat het uit de lucht kwam vallen,2024-11-10 16:26:00+00:00,0,https://nitter.net/AFCAjax/status/1855615019397906719,https://nitter.net/GeurtenDennis/status/1855615264018088044#m,@GeurtenDennis,"Heb die klote tukkers horen juichen, net zo'n kut publiek als in Eindhoven",M035_AFCAjax,@AFCAjax
@scho35649,Jullie zijn brave jongetjes zeker??🤮,2024-11-10 20:22:00+00:00,0,https://nitter.net/AFCAjax/status/1855615019397906719,https://nitter.net/GeurtenDennis/status/1855615264018088044#m,@GeurtenDennis,"Heb die klote tukkers horen juichen, net zo'n kut publiek als in Eindhoven",M035_AFCAjax,@AFCAjax
@FnaticDraven,Altijd bezig met psv. Kanker kneusje. Je dacht dat je club terug was he? Word dit jaar weer geen champions league🤡,2024-11-10 23:10:00+00:00,1,https://nitter.net/AFCAjax/status/1855615019397906719,https://nitter.net/GeurtenDennis/status/1855615264018088044#m,@GeurtenDennis,"Heb die klote tukkers horen juichen, net zo'n kut publiek als in Eindhoven",M035_AFCAjax,@AFCAjax
@Kjoen2u,Vond ik ook erg triest. Bij een blessure juich je niet. Dat is zo laag.,2024-11-10 16:04:00+00:00,0,https://nitter.net/AFCAjax/status/1855615019397906719,https://nitter.net/knowledge_ftbl/status/1855619372338851925#m,@knowledge_ftbl,"Dit is echt klote. Aller eerst vervelend voor die jongen, maar hem minimaal 6 weken missen gaat voor ons echt lastig worden… 

Ook wel triest dat die Twente supporters dit toejuichen. Klein, heel klein.",M035_AFCAjax,@AFCAjax
@StanScholten8,"Had misschien ook iets te maken met het constante geval van hem na een verloren duel. Een blessure gun je niemand. Godts is een goede voetballer, alleen iets minder arrogant worden. Misschien is dat wel iets typisch Amsterdams?",2024-11-10 18:45:00+00:00,2,https://nitter.net/AFCAjax/status/1855615019397906719,https://nitter.net/knowledge_ftbl/status/1855619372338851925#m,@knowledge_ftbl,"Dit is echt klote. Aller eerst vervelend voor die jongen, maar hem minimaal 6 weken missen gaat voor ons echt lastig worden… 

Ook wel triest dat die Twente supporters dit toejuichen. Klein, heel klein.",M035_AFCAjax,@AFCAjax
@dddddestroyerr,"Zeg daar aub niks over 
Alsof wij geeb droeftoeters als dat hebben",2024-11-11 12:17:00+00:00,0,https://nitter.net/AFCAjax/status/1855615019397906719,https://nitter.net/knowledge_ftbl/status/1855619372338851925#m,@knowledge_ftbl,"Dit is echt klote. Aller eerst vervelend voor die jongen, maar hem minimaal 6 weken missen gaat voor ons echt lastig worden… 

Ook wel triest dat die Twente supporters dit toejuichen. Klein, heel klein.",M035_AFCAjax,@AFCAjax
@ajaxcarnicero,Wat?!,2024-11-10 14:16:00+00:00,1,https://nitter.net/AFCAjax/status/1855615019397906719,https://nitter.net/El_Pistolero_16/status/1855615231470301658#m,@El_Pistolero_16,Zat eraan te komen 😔,M035_AFCAjax,@AFCAjax
@El_Pistolero_16,Zoveel wedstrijden in een keer,2024-11-10 14:17:00+00:00,1,https://nitter.net/AFCAjax/status/1855615019397906719,https://nitter.net/El_Pistolero_16/status/1855615231470301658#m,@El_Pistolero_16,Zat eraan te komen 😔,M035_AFCAjax,@AFCAjax
@marmutsje,Ga zelf weg man,2024-11-10 14:15:00+00:00,0,https://nitter.net/AFCAjax/status/1855614497869717596,https://nitter.net/Formula_NL/status/1855614798462951595#m,@Formula_NL,#FarioliOut,M035_AFCAjax,@AFCAjax
@JohnDonker87363,Lindhout is bang dat ie anders in het oosten moet blijven,2024-11-10 14:12:00+00:00,0,https://nitter.net/AFCAjax/status/1855610263548141761,https://nitter.net/SDoodeman/status/1855610385514029223#m,@SDoodeman,Gelukkig mag Twente 6  overtredingen maken zonder gestraft te worden.,M035_AFCAjax,@AFCAjax
@nenedorgeles,Give it time,2024-11-10 15:00:00+00:00,0,https://nitter.net/AFCAjax/status/1855603752150937704,https://nitter.net/IamCarolPrimah/status/1855621124341559396#m,@IamCarolPrimah,Bruno and Amad,M035_AFCAjax,@AFCAjax
@lovingRiam,They should hire ten hug and fire him again 😂😂😂,2024-11-10 15:23:00+00:00,0,https://nitter.net/AFCAjax/status/1855603752150937704,https://nitter.net/IamCarolPrimah/status/1855621124341559396#m,@IamCarolPrimah,Bruno and Amad,M035_AFCAjax,@AFCAjax
@DDesciak,i still have rashford😂😂feel bad for u,2024-11-10 15:54:00+00:00,0,https://nitter.net/AFCAjax/status/1855603752150937704,https://nitter.net/IamCarolPrimah/status/1855621124341559396#m,@IamCarolPrimah,Bruno and Amad,M035_AFCAjax,@AFCAjax
@abeeybaby,Amad and the academy,2024-11-11 08:51:00+00:00,0,https://nitter.net/AFCAjax/status/1855603752150937704,https://nitter.net/IamCarolPrimah/status/1855621124341559396#m,@IamCarolPrimah,Bruno and Amad,M035_AFCAjax,@AFCAjax
@luka3737,Can you read your shit again and think it trough?,2024-11-10 14:42:00+00:00,1,https://nitter.net/AFCAjax/status/1855603752150937704,https://nitter.net/UtdArjun/status/1855612585254506579#m,@UtdArjun,"Made you so much profit by selling Antony to us, you should kiss his feet",M035_AFCAjax,@AFCAjax
@dalalwolf07,Just like how united fans kiss Salah’s,2024-11-11 00:04:00+00:00,0,https://nitter.net/AFCAjax/status/1855603752150937704,https://nitter.net/UtdArjun/status/1855612585254506579#m,@UtdArjun,"Made you so much profit by selling Antony to us, you should kiss his feet",M035_AFCAjax,@AFCAjax
@Osei10_,Your a very angry guy that’s worrying,2024-11-10 14:53:00+00:00,0,https://nitter.net/AFCAjax/status/1855603752150937704,https://nitter.net/idemon56/status/1855605230844387431#m,@idemon56,Dirty broker and failed coach . . he gave ajax huge money,M035_AFCAjax,@AFCAjax
@althani1991mufc,You eat corpse jizz,2024-11-10 15:19:00+00:00,0,https://nitter.net/AFCAjax/status/1855603752150937704,https://nitter.net/idemon56/status/1855605230844387431#m,@idemon56,Dirty broker and failed coach . . he gave ajax huge money,M035_AFCAjax,@AFCAjax
@SowetoPresident,"Bro still crying about Ronaldo. It's been fckn 2 years, finding healing you weirdo",2024-11-11 05:47:00+00:00,0,https://nitter.net/AFCAjax/status/1855603752150937704,https://nitter.net/idemon56/status/1855605230844387431#m,@idemon56,Dirty broker and failed coach . . he gave ajax huge money,M035_AFCAjax,@AFCAjax
@ManUnitedMMALad,focus on your own shit league,2024-11-11 15:36:00+00:00,0,https://nitter.net/AFCAjax/status/1855603752150937704,https://nitter.net/idemon56/status/1855605230844387431#m,@idemon56,Dirty broker and failed coach . . he gave ajax huge money,M035_AFCAjax,@AFCAjax
@kaneki32937394,We’ve had worse? He won us two trophies and finished 3rd,2024-11-10 13:47:00+00:00,4,https://nitter.net/AFCAjax/status/1855603752150937704,https://nitter.net/9azario/status/1855606134515675643#m,@9azario,worse ever united manager in history . 💀,M035_AFCAjax,@AFCAjax
@9azario,you must've been watching with your eyes closed .,2024-11-10 13:47:00+00:00,5,https://nitter.net/AFCAjax/status/1855603752150937704,https://nitter.net/9azario/status/1855606134515675643#m,@9azario,worse ever united manager in history . 💀,M035_AFCAjax,@AFCAjax
@united_twh,No he wasn’t. That was Moyes and RR,2024-11-10 14:15:00+00:00,1,https://nitter.net/AFCAjax/status/1855603752150937704,https://nitter.net/9azario/status/1855606134515675643#m,@9azario,worse ever united manager in history . 💀,M035_AFCAjax,@AFCAjax
@9azario,,2024-11-10 14:15:00+00:00,2,https://nitter.net/AFCAjax/status/1855603752150937704,https://nitter.net/9azario/status/1855606134515675643#m,@9azario,worse ever united manager in history . 💀,M035_AFCAjax,@AFCAjax
@DUKEVALENTINO88,"Worst coach in United's history .One year without a victory in Europe.
Almost relegated United .",2024-11-10 15:34:00+00:00,3,https://nitter.net/AFCAjax/status/1855603752150937704,https://nitter.net/9azario/status/1855606134515675643#m,@9azario,worse ever united manager in history . 💀,M035_AFCAjax,@AFCAjax
@9azario,pls remind them .,2024-11-10 15:34:00+00:00,1,https://nitter.net/AFCAjax/status/1855603752150937704,https://nitter.net/9azario/status/1855606134515675643#m,@9azario,worse ever united manager in history . 💀,M035_AFCAjax,@AFCAjax
@adeyemipapi,"Stop it,  that is not fair.",2024-11-10 17:11:00+00:00,1,https://nitter.net/AFCAjax/status/1855603752150937704,https://nitter.net/9azario/status/1855606134515675643#m,@9azario,worse ever united manager in history . 💀,M035_AFCAjax,@AFCAjax
@9azario,,2024-11-10 17:26:00+00:00,0,https://nitter.net/AFCAjax/status/1855603752150937704,https://nitter.net/9azario/status/1855606134515675643#m,@9azario,worse ever united manager in history . 💀,M035_AFCAjax,@AFCAjax
@tonyegbe1234,U are ungrateful,2024-11-11 20:11:00+00:00,1,https://nitter.net/AFCAjax/status/1855603752150937704,https://nitter.net/9azario/status/1855606134515675643#m,@9azario,worse ever united manager in history . 💀,M035_AFCAjax,@AFCAjax
@9azario,,2024-11-11 20:12:00+00:00,0,https://nitter.net/AFCAjax/status/1855603752150937704,https://nitter.net/9azario/status/1855606134515675643#m,@9azario,worse ever united manager in history . 💀,M035_AFCAjax,@AFCAjax
@JDH_MUFC,"You must be 10 years old, he won 2 trophies.",2024-11-10 13:49:00+00:00,2,https://nitter.net/AFCAjax/status/1855603752150937704,https://nitter.net/9azario/status/1855606134515675643#m,@9azario,worse ever united manager in history . 💀,M035_AFCAjax,@AFCAjax
@9azario,Omg life changing!!!!! He won 2 trophies . Man stfu.,2024-11-10 13:50:00+00:00,1,https://nitter.net/AFCAjax/status/1855603752150937704,https://nitter.net/9azario/status/1855606134515675643#m,@9azario,worse ever united manager in history . 💀,M035_AFCAjax,@AFCAjax
@PopsyZaria,With 2 trophies? Loool,2024-11-11 21:08:00+00:00,1,https://nitter.net/AFCAjax/status/1855603752150937704,https://nitter.net/9azario/status/1855606134515675643#m,@9azario,worse ever united manager in history . 💀,M035_AFCAjax,@AFCAjax
@9azario,Yes uncle ? you heard me.,2024-11-11 21:09:00+00:00,0,https://nitter.net/AFCAjax/status/1855603752150937704,https://nitter.net/9azario/status/1855606134515675643#m,@9azario,worse ever united manager in history . 💀,M035_AFCAjax,@AFCAjax
@TLA_UTD,"You think so?

Won ✌🏽 trophies.

Cannot say that about some managers.

In reality, he did a lot behind the scenes, which we don’t see. Plus I bet if he was still in Ajax now, INEOS would have been ringing him up for the job now.

Just wrong timing!

But he’ll do great elsewhere",2024-11-11 13:01:00+00:00,1,https://nitter.net/AFCAjax/status/1855603752150937704,https://nitter.net/9azario/status/1855606134515675643#m,@9azario,worse ever united manager in history . 💀,M035_AFCAjax,@AFCAjax
@9azario,Over ETH.. find shame  .,2024-11-11 13:04:00+00:00,1,https://nitter.net/AFCAjax/status/1855603752150937704,https://nitter.net/9azario/status/1855606134515675643#m,@9azario,worse ever united manager in history . 💀,M035_AFCAjax,@AFCAjax
@Legendary_Emazy,The level of accuracy ⚡,2024-11-10 17:46:00+00:00,1,https://nitter.net/AFCAjax/status/1855603752150937704,https://nitter.net/9azario/status/1855606134515675643#m,@9azario,worse ever united manager in history . 💀,M035_AFCAjax,@AFCAjax
@9azario,,2024-11-10 17:53:00+00:00,0,https://nitter.net/AFCAjax/status/1855603752150937704,https://nitter.net/9azario/status/1855606134515675643#m,@9azario,worse ever united manager in history . 💀,M035_AFCAjax,@AFCAjax
@Babayaga09OP,Worst manager is your mum. Can’t manage your home.,2024-11-10 15:05:00+00:00,0,https://nitter.net/AFCAjax/status/1855603752150937704,https://nitter.net/9azario/status/1855606134515675643#m,@9azario,worse ever united manager in history . 💀,M035_AFCAjax,@AFCAjax
@Zackmulera,For what?,2024-11-10 13:39:00+00:00,0,https://nitter.net/AFCAjax/status/1855603752150937704,https://nitter.net/UtdPaper_/status/1855604138077483503#m,@UtdPaper_,❤️,M035_AFCAjax,@AFCAjax
@SowetoPresident,Atleast he got rid of a finished Ronaldo and we finally won a trophy or two...,2024-11-11 05:48:00+00:00,0,https://nitter.net/AFCAjax/status/1855603752150937704,https://nitter.net/UtdSufi/status/1855612626098897071#m,@UtdSufi,The man who finesed United by their mid player..he should be locked up😭😭😭,M035_AFCAjax,@AFCAjax
@AFCJorgeH,Agent seven Hag 😂,2024-11-23 22:14:00+00:00,0,https://nitter.net/AFCAjax/status/1855603752150937704,https://nitter.net/colinmufc2/status/1855616969174589721#m,@colinmufc2,Back to where he’s loved and appreciated,M035_AFCAjax,@AFCAjax
@UtdYaseer21,"Lack of success 💀
Bruv he won 2 from 2 seasons
When we were in drought",2024-11-11 12:03:00+00:00,0,https://nitter.net/AFCAjax/status/1855603752150937704,https://nitter.net/AHMEDMaUTD/status/1855656600440123749#m,@AHMEDMaUTD,"Despite the lack of success with Manchester United, he is a great coach in the truest sense of the word Good luck Managers I will still love you no matter what happens 🤗😘❤❤",M035_AFCAjax,@AFCAjax
@thegamesoldier3,I love to see him return one day but Farioli fine for me atm,2024-11-10 13:37:00+00:00,1,https://nitter.net/AFCAjax/status/1855603752150937704,https://nitter.net/COMBrodd/status/1855604125968355330#m,@COMBrodd,Not going to be surprise if he becomes manager next summer,M035_AFCAjax,@AFCAjax
@COMBrodd,Let’s just see with time,2024-11-10 13:41:00+00:00,0,https://nitter.net/AFCAjax/status/1855603752150937704,https://nitter.net/COMBrodd/status/1855604125968355330#m,@COMBrodd,Not going to be surprise if he becomes manager next summer,M035_AFCAjax,@AFCAjax
@TimVanKooij_,"No way he wont. We don't want him here, Farioli is far better with this squad.",2024-11-10 13:34:00+00:00,1,https://nitter.net/AFCAjax/status/1855603752150937704,https://nitter.net/COMBrodd/status/1855604125968355330#m,@COMBrodd,Not going to be surprise if he becomes manager next summer,M035_AFCAjax,@AFCAjax
@COMBrodd,He is better than Farioli tbh,2024-11-10 13:42:00+00:00,0,https://nitter.net/AFCAjax/status/1855603752150937704,https://nitter.net/COMBrodd/status/1855604125968355330#m,@COMBrodd,Not going to be surprise if he becomes manager next summer,M035_AFCAjax,@AFCAjax
@Zackmulera,That's his level,2024-11-10 13:38:00+00:00,1,https://nitter.net/AFCAjax/status/1855603752150937704,https://nitter.net/COMBrodd/status/1855604125968355330#m,@COMBrodd,Not going to be surprise if he becomes manager next summer,M035_AFCAjax,@AFCAjax
@TheeBonoko,What do you mean by better 😂,2024-11-11 06:27:00+00:00,0,https://nitter.net/AFCAjax/status/1855603752150937704,https://nitter.net/lmaomoofeq/status/1855653325812941239#m,@lmaomoofeq,"Greatful for the Gaffer ♥. Uninspiring football in the end, but we got 2 trophies to celebrate, few historic results in derbies, integrated Garnacho and Kobbie into our squad, and in general left the club in a better state than what he inherited.",M035_AFCAjax,@AFCAjax
@kidilu_master,Exactly 😅,2024-11-10 20:15:00+00:00,0,https://nitter.net/AFCAjax/status/1855603752150937704,https://nitter.net/davka9077/status/1855645123906031815#m,@davka9077,Now he is in right place...small club fits him ..,M035_AFCAjax,@AFCAjax
@Dmitri_tweets,"Ah shit, the nigerians are against us now",2024-11-11 08:56:00+00:00,0,https://nitter.net/AFCAjax/status/1855603752150937704,https://nitter.net/FiestaHoli44958/status/1855618172059287902#m,@FiestaHoli44958,we never want to sign your player anymore ajax! we bought anthony 100m and you say no to buy eriksen only with 5m!,M035_AFCAjax,@AFCAjax
@DDerksema,Riep je dat ook toen je maatjes de grachten in getrapt werden? Of ko geslagen achter werden gelaten op straat? Nee toen moesten jullie allemaal free Palestina zeggen he droevig mannetje. Vieze zionist.,2024-11-10 13:59:00+00:00,1,https://nitter.net/AFCAjax/status/1855603752150937704,https://nitter.net/amarillo_ramos/status/1855604876174041112#m,@amarillo_ramos,"אמא שלכם זונה אמא שלכם זונה
אמא שלכם אמא שלכם
אמא שלכם זונה",M035_AFCAjax,@AFCAjax
@amarillo_ramos,"Seeking for elders and youth around the street like the dark days.
One on one I would kick each and every one of you, little losers",2024-11-10 15:39:00+00:00,1,https://nitter.net/AFCAjax/status/1855603752150937704,https://nitter.net/amarillo_ramos/status/1855604876174041112#m,@amarillo_ramos,"אמא שלכם זונה אמא שלכם זונה
אמא שלכם אמא שלכם
אמא שלכם זונה",M035_AFCAjax,@AFCAjax
@Jordi_AFC,,2024-11-10 14:07:00+00:00,1,https://nitter.net/AFCAjax/status/1855603752150937704,https://nitter.net/amarillo_ramos/status/1855604876174041112#m,@amarillo_ramos,"אמא שלכם זונה אמא שלכם זונה
אמא שלכם אמא שלכם
אמא שלכם זונה",M035_AFCAjax,@AFCAjax
@amarillo_ramos,"Your capital has been conquered by Islam, good luck",2024-11-10 15:37:00+00:00,1,https://nitter.net/AFCAjax/status/1855603752150937704,https://nitter.net/amarillo_ramos/status/1855604876174041112#m,@amarillo_ramos,"אמא שלכם זונה אמא שלכם זונה
אמא שלכם אמא שלכם
אמא שלכם זונה",M035_AFCAjax,@AFCAjax
@ilkanpasa68,5-0 🤣🤣🤣,2024-11-10 13:54:00+00:00,0,https://nitter.net/AFCAjax/status/1855603752150937704,https://nitter.net/amarillo_ramos/status/1855604876174041112#m,@amarillo_ramos,"אמא שלכם זונה אמא שלכם זונה
אמא שלכם אמא שלכם
אמא שלכם זונה",M035_AFCAjax,@AFCAjax
@semtenhoe,Je moeder is een kanker jood,2024-11-10 13:46:00+00:00,0,https://nitter.net/AFCAjax/status/1855603752150937704,https://nitter.net/amarillo_ramos/status/1855604876174041112#m,@amarillo_ramos,"אמא שלכם זונה אמא שלכם זונה
אמא שלכם אמא שלכם
אמא שלכם זונה",M035_AFCAjax,@AFCAjax
@poeltlszn,pissrael pack,2024-11-10 15:53:00+00:00,0,https://nitter.net/AFCAjax/status/1855603752150937704,https://nitter.net/amarillo_ramos/status/1855604876174041112#m,@amarillo_ramos,"אמא שלכם זונה אמא שלכם זונה
אמא שלכם אמא שלכם
אמא שלכם זונה",M035_AFCAjax,@AFCAjax
@7Obit0,Kanker fu k pisrael,2024-11-10 14:12:00+00:00,0,https://nitter.net/AFCAjax/status/1855603752150937704,https://nitter.net/amarillo_ramos/status/1855604876174041112#m,@amarillo_ramos,"אמא שלכם זונה אמא שלכם זונה
אמא שלכם אמא שלכם
אמא שלכם זונה",M035_AFCAjax,@AFCAjax
@jaber_oj,5-0,2024-11-10 14:29:00+00:00,0,https://nitter.net/AFCAjax/status/1855603752150937704,https://nitter.net/amarillo_ramos/status/1855604876174041112#m,@amarillo_ramos,"אמא שלכם זונה אמא שלכם זונה
אמא שלכם אמא שלכם
אמא שלכם זונה",M035_AFCAjax,@AFCAjax
@raydo1986,你不孕不育，但是儿孙满堂,2024-11-10 15:18:00+00:00,0,https://nitter.net/AFCAjax/status/1855603752150937704,https://nitter.net/amarillo_ramos/status/1855604876174041112#m,@amarillo_ramos,"אמא שלכם זונה אמא שלכם זונה
אמא שלכם אמא שלכם
אמא שלכם זונה",M035_AFCAjax,@AFCAjax
@uzun_bir_adam,My guy Ahmetcan Kaplan is here but the manager did not give him time,2024-11-10 13:34:00+00:00,0,https://nitter.net/AFCAjax/status/1855596207424364879,https://nitter.net/damskotrades/status/1855596609372827931#m,@damskotrades,Get them boys,M035_AFCAjax,@AFCAjax
@GodenzoonAMS,Donder een eind op.,2024-11-10 13:27:00+00:00,0,https://nitter.net/AFCAjax/status/1855595426457534809,https://nitter.net/TinaLin24263568/status/1855599794288292265#m,@TinaLin24263568,,M035_AFCAjax,@AFCAjax
@JRonStarDust,Game face bruh,2024-11-10 13:32:00+00:00,0,https://nitter.net/AFCAjax/status/1855587319174005058,https://nitter.net/DracoMeta/status/1855587635974025519#m,@DracoMeta,"Why they always look so depressed 

Like bruh yall rich af",M035_AFCAjax,@AFCAjax
@LionelBassey,Ga weg,2024-11-10 12:41:00+00:00,0,https://nitter.net/AFCAjax/status/1855587319174005058,https://nitter.net/TinaLin24263568/status/1855590786861261163#m,@TinaLin24263568,,M035_AFCAjax,@AFCAjax
@BoomBox4Real,Toch beter dan verwacht dus klaag ik niet,2024-11-10 12:30:00+00:00,0,https://nitter.net/AFCAjax/status/1855585233015382019,https://nitter.net/armandodejonge/status/1855586731568828598#m,@armandodejonge,Pff wat wisselt die farioli veel hé... 🤡🥱,M035_AFCAjax,@AFCAjax
@DejounTrae115,"Dat is het gewoon, Baas en Sutalo doen het uitstekend. Wat kan Rugani daaraan doen?",2024-11-10 12:28:00+00:00,1,https://nitter.net/AFCAjax/status/1855585233015382019,https://nitter.net/TurrienJimber/status/1855588182110162947#m,@TurrienJimber,"Had eigenlijk meer verwacht van Rugani. Baas doet het natuurlijk goed, en het is logisch dat hij speelt. Maar van een Juventus speler had ik hogere verwachtingen",M035_AFCAjax,@AFCAjax
@TurrienJimber,"Ja snap ik, maar als je een speler van Juventus haalt, verwacht ik dat hij een van de beste van het team is.",2024-11-10 12:40:00+00:00,2,https://nitter.net/AFCAjax/status/1855585233015382019,https://nitter.net/TurrienJimber/status/1855588182110162947#m,@TurrienJimber,"Had eigenlijk meer verwacht van Rugani. Baas doet het natuurlijk goed, en het is logisch dat hij speelt. Maar van een Juventus speler had ik hogere verwachtingen",M035_AFCAjax,@AFCAjax
@burgde2e,Dat denk ik wel. Twente uit is 1 van de moeilijkste wedstrijden vh seizoen. Ze hebben Brobbey Traore Fitz en Berghuis op de bank zitten dan kan je hoop kwaliteit brengen. Das fijn gevoel,2024-11-10 13:01:00+00:00,1,https://nitter.net/AFCAjax/status/1855585233015382019,https://nitter.net/Hollaendersk/status/1855593435987660877#m,@Hollaendersk,Geen Brobbey? Nou wordt een moeizame wedstrijd.,M035_AFCAjax,@AFCAjax
@Hollaendersk,"Of gewoon met Brobbey beginnen, dan bespaar je jezelf waarschijnlijk ook een hoop problemen.",2024-11-10 14:18:00+00:00,0,https://nitter.net/AFCAjax/status/1855585233015382019,https://nitter.net/Hollaendersk/status/1855593435987660877#m,@Hollaendersk,Geen Brobbey? Nou wordt een moeizame wedstrijd.,M035_AFCAjax,@AFCAjax
@Hollaendersk,Ziet die Farioli het niet of wil hij gewoon geen kampioen worden?,2024-11-10 16:36:00+00:00,0,https://nitter.net/AFCAjax/status/1855585233015382019,https://nitter.net/Hollaendersk/status/1855593435987660877#m,@Hollaendersk,Geen Brobbey? Nou wordt een moeizame wedstrijd.,M035_AFCAjax,@AFCAjax
@j_sperd__rcks,Te genuanceerd,2024-11-10 12:18:00+00:00,0,https://nitter.net/AFCAjax/status/1855584991788642757,https://nitter.net/Fariolief/status/1855585268977340687#m,@Fariolief,Lang niet gek,M035_AFCAjax,@AFCAjax
@Jordi_AFC,,2024-11-10 12:35:00+00:00,0,https://nitter.net/AFCAjax/status/1855584991788642757,https://nitter.net/SturgesOpinie/status/1855586076171096260#m,@SturgesOpinie,"Berghuis is nog steeds te beroerd om te spelen?

Koop zijn contract ajb af, je hebt niets aan die man.",M035_AFCAjax,@AFCAjax
@foeterkont,“De bus parkeren”,2024-11-10 12:54:00+00:00,1,https://nitter.net/AFCAjax/status/1855582805784224117,https://nitter.net/ArjanVrieze/status/1855590987726270530#m,@ArjanVrieze,Hier wordt @Sportfanoat altijd emotioneel van.,M035_AFCAjax,@AFCAjax
@ArjanVrieze,Gaat de hele week bij @Sportfanoat en @vondutch82 al over wel/niet terughalen van Youri ReGeert,2024-11-10 12:59:00+00:00,0,https://nitter.net/AFCAjax/status/1855582805784224117,https://nitter.net/ArjanVrieze/status/1855590987726270530#m,@ArjanVrieze,Hier wordt @Sportfanoat altijd emotioneel van.,M035_AFCAjax,@AFCAjax
@1900Jordy,Staan jullie nog vast?,2024-11-10 12:06:00+00:00,1,https://nitter.net/AFCAjax/status/1855581201471332716,https://nitter.net/tweetsvanpalm/status/1855582074553479454#m,@tweetsvanpalm,Stel die aftrap ff uit,M035_AFCAjax,@AFCAjax
@tweetsvanpalm,"Jup. 
Staat nog stil bij ons. 

Jullie dan?",2024-11-10 12:07:00+00:00,1,https://nitter.net/AFCAjax/status/1855581201471332716,https://nitter.net/tweetsvanpalm/status/1855582074553479454#m,@tweetsvanpalm,Stel die aftrap ff uit,M035_AFCAjax,@AFCAjax
@DvL__10,"🔥😁💪🏻

❌
❌
❌",2024-11-10 12:18:00+00:00,1,https://nitter.net/AFCAjax/status/1855581201471332716,https://nitter.net/DvL__10/status/1855582637278081488#m,@DvL__10,We komen eraan! ❤️,M035_AFCAjax,@AFCAjax
@DvL__10,Hopelijk tres puntosssss 🙏🏻,2024-11-10 12:47:00+00:00,0,https://nitter.net/AFCAjax/status/1855581201471332716,https://nitter.net/DvL__10/status/1855582637278081488#m,@DvL__10,We komen eraan! ❤️,M035_AFCAjax,@AFCAjax
@rancuneus9919,Vraag me sowieso heel erg af waar hij überhaupt is.,2024-11-10 11:58:00+00:00,0,https://nitter.net/AFCAjax/status/1855528320584077606,https://nitter.net/byAjacied/status/1855574832160604540#m,@byAjacied,Alleen voor de keeper staan en Huntelaar scoort altijd. Zou eig met Brobbey moeten trainen,M035_AFCAjax,@AFCAjax
@Sportmind3,Hoe is het met KJ? Graag een update @AFCAjax,2024-11-10 15:32:00+00:00,0,https://nitter.net/AFCAjax/status/1855528320584077606,https://nitter.net/Wim_G/status/1855529824070070609#m,@Wim_G,Zonde dat hij naar Schalke ging,M035_AFCAjax,@AFCAjax
@DANNYonPC,mooiste moment,2024-11-10 02:49:00+00:00,0,https://nitter.net/AFCAjax/status/1855365704716861784,https://nitter.net/Topdob11/status/1855366226861789260#m,@Topdob11,,M035_AFCAjax,@AFCAjax
@FarioliOnFire,Dit moment 😂,2024-11-09 22:06:00+00:00,0,https://nitter.net/AFCAjax/status/1855365704716861784,https://nitter.net/Topdob11/status/1855366226861789260#m,@Topdob11,,M035_AFCAjax,@AFCAjax
@danielAFCdamsco,His finest moment 😂,2024-11-09 21:48:00+00:00,0,https://nitter.net/AFCAjax/status/1855365704716861784,https://nitter.net/Topdob11/status/1855366226861789260#m,@Topdob11,,M035_AFCAjax,@AFCAjax
@Prof_Gasselich,Episch. Dat moment wel.,2024-11-09 21:51:00+00:00,0,https://nitter.net/AFCAjax/status/1855365704716861784,https://nitter.net/Topdob11/status/1855366226861789260#m,@Topdob11,,M035_AFCAjax,@AFCAjax
@AYBH81,,2024-11-09 19:57:00+00:00,0,https://nitter.net/AFCAjax/status/1855312046771802193,https://nitter.net/erezvansoart/status/1855312149020881127#m,@erezvansoart,,M035_AFCAjax,@AFCAjax
@cougarloverjoey,get fucked loser 🤣🤣🤣,2024-11-09 17:33:00+00:00,0,https://nitter.net/AFCAjax/status/1855263157389766783,https://nitter.net/erezvansoart/status/1855265965241401796#m,@erezvansoart,,M035_AFCAjax,@AFCAjax
@AYBH81,🤣🤣🤣🤣,2024-11-09 19:58:00+00:00,0,https://nitter.net/AFCAjax/status/1855263157389766783,https://nitter.net/erezvansoart/status/1855265965241401796#m,@erezvansoart,,M035_AFCAjax,@AFCAjax
@Sapzieregag,"your A got kicked hahaha, not the last time.",2024-11-09 15:52:00+00:00,1,https://nitter.net/AFCAjax/status/1855248980109615133,https://nitter.net/idomils/status/1855271388451348909#m,@idomils,Tell me what happened later that day you A holes.,M035_AFCAjax,@AFCAjax
@benjamin100,"That has nothing to do with Ajax, fuckface. Fuck off from this account.",2024-11-09 20:04:00+00:00,0,https://nitter.net/AFCAjax/status/1855248980109615133,https://nitter.net/idomils/status/1855271388451348909#m,@idomils,Tell me what happened later that day you A holes.,M035_AFCAjax,@AFCAjax
